{"cameraMode":{"drawMode":0,"name":"Shaded","section":"Shading Mode"},"sceneLighting":true,"audioPlay":false,"sceneViewState":{"m_AlwaysRefresh":false,"showFog":true,"showSkybox":true,"showFlares":true,"showImageEffects":true,"showParticleSystems":true,"showVisualEffectGraphs":true,"m_FxEnabled":true},"in2DMode":false,"pivot":{"x":5.247077941894531,"y":15.158514976501465,"z":-6.509158611297607},"rotation":{"x":0.2232799530029297,"y":-0.09223654866218567,"z":0.021229242905974389,"w":0.9701539278030396},"size":0.8660253882408142,"orthographic":false}